Birmingham	LOCATION
Huntsville	LOCATION
Mobile	LOCATION
Montgomery	LOCATION
Anchorage	LOCATION
Chandler	LOCATION
Glendale	LOCATION
Mesa	LOCATION
Peoria	LOCATION
Phoenix	LOCATION
Scottsdale	LOCATION
Tempe	LOCATION
Tucson	LOCATION
Little Rock	LOCATION
Anaheim	LOCATION
Antioch	LOCATION
Bakersfield	LOCATION
Berkeley	LOCATION
Burbank	LOCATION
Chula Vista	LOCATION
Concord	LOCATION
Corona	LOCATION
Costa Mesa	LOCATION
Daly City	LOCATION
Downey	LOCATION
El Monte	LOCATION
Elk Grove	LOCATION
Escondido	LOCATION
Fairfield	LOCATION
Fontana	LOCATION
Fremont	LOCATION
Fresno	LOCATION
Fullerton	LOCATION
Garden Grove	LOCATION
Glendale	LOCATION
Hayward	LOCATION
Huntington Beach	LOCATION
Inglewood	LOCATION
Irvine	LOCATION
Lancaster	LOCATION
Long Beach	LOCATION
Los Angeles	LOCATION
Modesto	LOCATION
Moreno Valley	LOCATION
Oakland	LOCATION
Oceanside	LOCATION
Ontario	LOCATION
Orange	LOCATION
Oxnard	LOCATION
Palmdale	LOCATION
Pasadena	LOCATION
Pomona	LOCATION
Rancho Cucamonga	LOCATION
Richmond	LOCATION
Riverside	LOCATION
Roseville	LOCATION
Sacramento	LOCATION
Salinas	LOCATION
San Bernardino	LOCATION
San Buenaventura (Ventura)	LOCATION
San Diego	LOCATION
San Francisco	LOCATION
San Jose	LOCATION
Santa Ana	LOCATION
Santa Clara	LOCATION
Santa Clarita	LOCATION
Santa Rosa	LOCATION
Simi Valley	LOCATION
Stockton	LOCATION
Sunnyvale	LOCATION
Thousand Oaks	LOCATION
Torrance	LOCATION
Vallejo	LOCATION
Visalia	LOCATION
West Covina	LOCATION
Arvada	LOCATION
Aurora	LOCATION
Colorado Springs	LOCATION
Denver	LOCATION
Fort Collins	LOCATION
Lakewood	LOCATION
Pueblo	LOCATION
Thornton	LOCATION
Westminster	LOCATION
Bridgeport	LOCATION
Hartford	LOCATION
New Haven	LOCATION
Stamford	LOCATION
Waterbury	LOCATION
Washington	LOCATION
Cape Coral	LOCATION
Clearwater	LOCATION
Coral Springs	LOCATION
Fort Lauderdale	LOCATION
Gainesville	LOCATION
Hialeah	LOCATION
Hollywood	LOCATION
Jacksonville	LOCATION
Miami	LOCATION
Miramar	LOCATION
Orlando	LOCATION
Pembroke Pines	LOCATION
Pompano Beach	LOCATION
St. Petersburg	LOCATION
Tallahassee	LOCATION
Tampa	LOCATION
Atlanta	LOCATION
Columbus	LOCATION
Macon	LOCATION
Savannah	LOCATION
Honolulu	LOCATION
Boise	LOCATION
Aurora	LOCATION
Chicago	LOCATION
Joliet	LOCATION
Naperville	LOCATION
Peoria	LOCATION
Rockford	LOCATION
Springfield	LOCATION
Evansville	LOCATION
Fort Wayne	LOCATION
Indianapolis	LOCATION
South Bend	LOCATION
Cedar Rapids	LOCATION
Des Moines	LOCATION
Kansas City	LOCATION
Olathe	LOCATION
Overland Park	LOCATION
Topeka	LOCATION
Wichita	LOCATION
Lexington	LOCATION
Louisville-Jefferson County	LOCATION
Baton Rouge	LOCATION
Lafayette	LOCATION
New Orleans	LOCATION
Shreveport	LOCATION
Baltimore	LOCATION
Boston	LOCATION
Cambridge	LOCATION
Lowell	LOCATION
Springfield	LOCATION
Worcester	LOCATION
Ann Arbor	LOCATION
Detroit	LOCATION
Flint	LOCATION
Grand Rapids	LOCATION
Lansing	LOCATION
Sterling Heights	LOCATION
Warren	LOCATION
Minneapolis	LOCATION
St. Paul	LOCATION
Rochester	LOCATION
Jackson	LOCATION
Independence	LOCATION
Kansas City	LOCATION
Springfield	LOCATION
St. Louis	LOCATION
Lincoln	LOCATION
Omaha	LOCATION
Henderson	LOCATION
Las Vegas	LOCATION
North Las Vegas	LOCATION
Reno	LOCATION
Manchester	LOCATION
Elizabeth	LOCATION
Jersey City	LOCATION
Newark	LOCATION
Paterson	LOCATION
Albuquerque	LOCATION
Buffalo	LOCATION
New York City	LOCATION
Rochester	LOCATION
Syracuse	LOCATION
Yonkers	LOCATION
Cary	LOCATION
Charlotte	LOCATION
Durham	LOCATION
Fayetteville	LOCATION
Greensboro	LOCATION
High	LOCATION
Raleigh	LOCATION
Wilmington	LOCATION
Winston-Salem	LOCATION
Akron	LOCATION
Cincinnati	LOCATION
Cleveland	LOCATION
Columbus	LOCATION
Dayton	LOCATION
Toledo	LOCATION
Norman	LOCATION
Oklahoma City	LOCATION
Tulsa	LOCATION
Eugene	LOCATION
Portland	LOCATION
Salem	LOCATION
Allentown	LOCATION
Erie	LOCATION
Philadelphia	LOCATION
Pittsburgh	LOCATION
Providence	LOCATION
Charleston	LOCATION
Columbia	LOCATION
Sioux Falls	LOCATION
Chattanooga	LOCATION
Clarksville	LOCATION
Knoxville	LOCATION
Memphis	LOCATION
Nashville	LOCATION
Abilene	LOCATION
Amarillo	LOCATION
Arlington	LOCATION
Austin	LOCATION
Beaumont	LOCATION
Brownsville	LOCATION
Carrollton	LOCATION
Corpus Christi	LOCATION
Dallas	LOCATION
Denton	LOCATION
El Paso	LOCATION
Fort Worth	LOCATION
Garland	LOCATION
Grand Prairie	LOCATION
Houston	LOCATION
Irving	LOCATION
Killeen	LOCATION
Laredo	LOCATION
Lubbock	LOCATION
McAllen	LOCATION
Mesquite	LOCATION
Pasadena	LOCATION
Plano	LOCATION
San Antonio	LOCATION
Wichita Falls	LOCATION
Waco	LOCATION
Provo	LOCATION
Salt Lake City	LOCATION
West Valley City	LOCATION
Alexandria	LOCATION
Arlington	LOCATION
Chesapeake	LOCATION
Hampton	LOCATION
Newport News	LOCATION
Norfolk	LOCATION
Portsmouth	LOCATION
Richmond	LOCATION
Virginia Beach	LOCATION
Bellevue	LOCATION
Everett	LOCATION
Seattle	LOCATION
Spokane	LOCATION
Tacoma	LOCATION
Vancouver	LOCATION
Green Bay	LOCATION
Madison	LOCATION
Milwaukee	LOCATION
