Ala.	LOCATION
Alas.	LOCATION
A.R.	LOCATION
Ariz.	LOCATION
Ark.	LOCATION
A.S.	LOCATION
Cal.	LOCATION
Calif.	LOCATION
Col.	LOCATION
Colo.	LOCATION
Conn.	LOCATION
C.Z.	LOCATION
D.C.	LOCATION
Del.	LOCATION
Fla.	LOCATION
Flor.	LOCATION
Ga.	LOCATION
H.I.	LOCATION
Ia.	LOCATION
Id.	LOCATION
Ida.	LOCATION
Ill.	LOCATION
Ills.	LOCATION
Ind.	LOCATION
Kan.	LOCATION
Kans.	LOCATION
Ken.	LOCATION
Kent.	LOCATION
Ky.	LOCATION
La.	LOCATION
Mass.	LOCATION
Md.	LOCATION
Me.	LOCATION
N. Mex.	LOCATION
Mich.	LOCATION
Minn.	LOCATION
Miss.	LOCATION
Mo.	LOCATION
Mont.	LOCATION
M.P.	LOCATION
N.C.	LOCATION
N. Car.	LOCATION
N.D.	LOCATION
N. Dak.	LOCATION
Neb.	LOCATION
Nebr.	LOCATION
Nev.	LOCATION
New M.	LOCATION
N.H.	LOCATION
N.J.	LOCATION
N.M.	LOCATION
N.Y.	LOCATION
N. York	LOCATION
Okla.	LOCATION
Ore.	LOCATION
Oreg.	LOCATION
Pa.	LOCATION
Penn.	LOCATION
Penna.	LOCATION
P.R.	LOCATION
R.I.	LOCATION
S.C.	LOCATION
S. Car.	LOCATION
S.D.	LOCATION
S. Dak.	LOCATION
Tenn.	LOCATION
Tex.	LOCATION
U.S.V.I.	LOCATION
Va.	LOCATION
V.I.	LOCATION
Vt.	LOCATION
Wash.	LOCATION
Wis.	LOCATION
Wisc.	LOCATION
W.V.	LOCATION
W. Va.	LOCATION
W.Va.	LOCATION
Wyo.	LOCATION
AK	LOCATION
AL	LOCATION
AR	LOCATION
AS	LOCATION
AZ	LOCATION
CA	LOCATION
CO	LOCATION
CT	LOCATION
DC	LOCATION
DE	LOCATION
FL	LOCATION
FM	LOCATION
GA	LOCATION
GU	LOCATION
HI	LOCATION
IA	LOCATION
ID	LOCATION
IL	LOCATION
IN	LOCATION
KS	LOCATION
KY	LOCATION
LA	LOCATION
MA	LOCATION
MD	LOCATION
ME	LOCATION
MH	LOCATION
MI	LOCATION
MN	LOCATION
MO	LOCATION
MP	LOCATION
MS	LOCATION
MT	LOCATION
NC	LOCATION
ND	LOCATION
NE	LOCATION
NH	LOCATION
NJ	LOCATION
NM	LOCATION
NV	LOCATION
NY	LOCATION
OH	LOCATION
OK	LOCATION
OR	LOCATION
PA	LOCATION
PR	LOCATION
PW	LOCATION
RI	LOCATION
SC	LOCATION
SD	LOCATION
TN	LOCATION
TX	LOCATION
UT	LOCATION
VA	LOCATION
VI	LOCATION
VT	LOCATION
WA	LOCATION
WI	LOCATION
WV	LOCATION
WY	LOCATION
